# Gabriele Deri, Massimo Parlanti
# GabriMassi
# ML-CUP25
# 07/01/2026
1,-2.5930028949028916,-0.7424052265226206,10.213132134049921,-4.905289056264644
2,-7.5997419336207415,-10.635134163861274,-49.85026898002758,5.007185612061692
3,2.9350275641087724,2.5718137263980747,-5.014113713282064,6.119788799453905
4,-6.04020511065589,6.753981651391482,-28.479534406377745,14.207448408487
5,-6.389952136920184,-17.366797152440675,-16.016450345522724,32.46966230531319
6,-0.27156273087902527,2.110882957206205,7.823949125166861,-4.460072432332932
7,3.475005159141742,17.698676415241636,-30.784429355926378,29.737219365117873
8,0.013799441922669908,1.167509083261108,13.881342021716156,-8.852215795264694
9,6.304348585640301,-5.088909990823724,23.957948078885874,-11.284038725403043
10,-1.0314805119431845,-3.270631194404734,1.7187644096223909,-5.276140742087032
11,-4.092920045853142,11.869874883712797,4.216073773034406,-27.559806225119114
12,-0.881364174931753,-6.762916838529506,9.612363600423034,-23.76495535158663
13,2.574600228728701,-1.2029236961685033,15.727901776357955,-8.625581139902444
14,3.0171471796007143,2.0968096123951345,8.548812625238043,-4.150459689256836
15,-0.3827911975406123,-2.182696552747623,-6.315853102525208,7.569361062611119
16,-2.9034998709656588,-1.87137088615192,26.260850444396965,-12.711444542522328
17,-21.265174551842986,-1.434234380093118,-21.707789843436906,21.368865375990627
18,-0.3702354037993989,2.0672808700739265,7.049563585403725,-8.108769998144407
19,5.7280777279219315,4.808271668827768,-10.76708047660031,13.415387520574493
20,-6.053048635950398,6.848779186377084,20.463801211843773,-12.746272835641685
21,14.653256940862013,13.700184427434728,-21.456221765566383,26.976869009097147
22,-0.8184411803867403,-3.699796910266698,14.454754516389764,-4.552129274563265
23,7.123998155431497,-4.035521720273156,18.527015770043967,-3.785325252874768
24,-3.893507316573457,11.118350382672661,-24.635814378676507,11.554393073313182
25,-13.661219125198793,-8.292424392231522,24.10360175518587,-7.917404457927091
26,-1.565018334998375,-3.7608246216058663,-47.64609500013904,11.153712656223348
27,8.154829296665907,0.659076477630024,14.754383303514603,-12.10814784735443
28,-1.0314805119431845,-2.352250007261982,3.1818493849512826,-5.305532841648514
29,0.5089685389792064,0.46749264058941925,12.344518194364008,-28.462796769880438
30,-25.689969254679898,0.7639828237629416,-47.697059830372915,14.37676241021645
31,-13.446774821908342,-11.907551386564677,27.803653716262893,-11.197321875800183
32,-7.845226946935999,-9.316924669019482,-34.55577036509896,25.656115941462193
33,-3.616480278082051,-0.5036935656325653,-9.737348087558589,10.433245741959077
34,9.260656525688198,5.878946017862405,-16.741915945575386,30.568060050013592
35,4.555818758498723,8.099410925462182,-28.780328629709306,34.171448539155705
36,17.998813426632218,-0.41317359551635124,26.384648430918055,-11.410535106069535
37,-0.6828056784956497,-1.1712253882107577,7.815517036746584,-9.33801211553054
38,-4.061652511577861,-13.67144441315102,-33.48640290511494,22.20568479967898
39,13.997317344034592,-5.17546835276138,-9.04593382825714,39.31902349629081
40,16.210149661234265,-6.045681301915147,-26.730898175202075,18.322068238641556
41,-9.686228483187346,-1.332279213020274,-37.813265931550816,13.301979539570324
42,19.238567143791208,0.9797310453227828,27.0290119930508,-15.571026103692693
43,13.799883494416957,-7.425371122892957,6.818437470653395,-33.630048694397125
44,-14.39231327426476,-1.2482010414853686,-41.89980323277109,15.84859728287104
45,9.870932769585927,16.910034960673666,-13.946482900039332,25.15547559785184
46,4.156670318909713,18.93992067732812,-14.097142816117426,39.18295671797026
47,5.438239852365392,4.464034793070093,16.43270110069895,-15.081483517190668
48,17.11788272295865,7.162183101383335,-36.88242163660234,15.36188918572782
49,1.33795715623262,10.982822825076958,3.0334034906873213,-28.060463963045656
50,-12.195019674077269,12.662065317917634,-17.377693598558587,20.3464452931239
51,-6.676175363511224,-12.659318368990142,-14.208804259770657,34.68197108562054
52,-22.976752714178176,4.942453119403367,-20.123642901884825,38.25618843876993
53,-6.290642651812536,-18.5550595298606,20.874838566276257,-17.130468995788448
54,14.316810859573152,6.761141476000875,-13.022429490395488,31.206310232657017
55,-0.6164288089915825,-3.0155133154299056,3.971685746827141,-12.218060871427136
56,6.052358104438407,6.540838623260026,-25.146965888934524,22.587097750580238
57,15.137888739154295,6.336476490017716,-25.42158875321125,27.36425859726229
58,8.838487452464724,-1.6397532749464026,19.347395674678953,-14.945295229205522
59,9.35426157859234,-16.493143552697838,-26.918633126680515,19.953098108469728
60,6.365077650658372,23.984690294952962,-34.915846709192905,13.236877031315988
61,-13.790694976526705,-1.7508101927250046,-11.42578268471456,18.203630097348807
62,-13.989540129017469,13.291995829624657,8.354644527497005,-22.646481162892815
63,12.030233665833123,-2.613077910456542,20.619679247283454,-23.025736519660313
64,9.449788347697103,-2.8132541622934353,7.171269686654565,-33.17485567388533
65,-15.112359018790855,-4.41187731067212,20.351582218934674,-15.169373040513507
66,4.194259448977604,4.396700157126184,23.692046678647888,-15.308649241865977
67,-24.178461553113948,-9.381510094499774,-36.6794245136454,18.429540988781174
68,13.8388498527917,-7.437769588718923,20.224266662934717,-11.900368665270445
69,-10.811701156530166,-3.951445804868079,-27.019581428910165,21.533729822348192
70,5.453553504899055,10.602593201732295,10.705840445037248,-23.186841851873282
71,-11.39330454509138,5.220293834607488,12.853325769907554,-21.026561177324435
72,-1.156271120159087,2.15624708946639,1.8407208584854255,-4.062598021587997
73,-3.312404451464192,2.2413178974515664,-11.230112391449808,9.307220730443719
74,16.110204932027695,-15.738352962935954,17.090366200894206,-27.266901179260906
75,24.293661060385897,12.05515666796573,-34.140430288435034,25.294509589366047
76,2.33352077502729,5.976596053913695,-3.847207020345913,8.220312168862717
77,-0.14927774395747528,3.496727979842237,23.0037389474408,-12.425018061644144
78,-13.76347696389771,15.577213983968536,-12.370675656546352,26.270503155340887
79,0.6233387223539835,0.008828235297310694,-12.005855004968545,18.428675297756357
80,5.88262996197544,5.288428782378271,22.11166989208004,-18.944283161969057
81,19.775965804677956,-8.213585141723053,30.890819755363005,-12.770830705137689
82,6.509696385787537,3.89320161136113,-20.36024361368769,36.78600260587392
83,-8.05272370747891,0.6847942088626815,14.7701010548473,-14.938309662072905
84,-17.527729281985422,-2.136220426536453,-24.789481013564632,16.861400445598495
85,6.400269193527451,4.9214045875166095,12.22779386702152,-10.580287334805986
86,-2.6454220624507214,2.053087286635825,15.675140519822184,-6.614400334118516
87,-1.97723989909346,-1.627762299342164,-12.093645707045694,12.892338785379895
88,13.864627503865812,11.79064710587187,-25.188604022726352,34.02547708928367
89,3.570132896787358,4.858879600243603,9.944424468235233,-11.402593602060161
90,-16.255443448121234,-12.0336009943124,-26.056747808478345,19.468916995759276
91,9.039060686731837,-9.278470949675848,5.6854182316819095,-31.553759387562874
92,-0.7922875915590789,1.7274494270333125,-12.193549326332832,8.476480984429589
93,-5.070020693775319,-5.482462491895793,22.112198889701585,-8.093314788316599
94,-3.9749598576585594,5.569563994138086,-23.046226911861414,22.93638844842898
95,-5.498006348290717,6.930912697857215,25.608261600545465,-11.901716410809263
96,-2.659815998009851,-1.9226924117546733,6.350385157945718,-7.599698704307627
97,-3.4123833930941148,-3.6570781974863324,8.367455560202451,-8.469075604832272
98,0.1002256304106025,2.6165254914469287,4.365109630258269,-2.2325034004857796
99,2.508100535265385,2.178433663014436,2.675029554507421,-1.149119919664312
100,10.011410047650468,-9.672947238322205,21.018015060083226,-21.14961596350592
101,-1.0314805119431845,-3.270631194404734,3.6119353407934294,-5.671887885200073
102,7.1592922127869025,-1.096841000594442,-16.748566190893666,11.714239095603283
103,4.337193534806685,-0.8120820107368298,-6.484529495260133,12.658100915214558
104,5.068409232516691,4.093266050123542,7.77441170664919,-2.965360587969785
105,-6.133057764282442,-7.405917945319603,22.161570657114723,-16.1528112197206
106,5.0729115404296445,-3.591717716231022,-9.138401095447264,30.186136893900855
107,14.887292773687076,-3.8400695418115327,-13.499468151084685,30.929911160121637
108,9.862621286737726,10.392237857658644,-20.601147271337386,16.600371648924405
109,18.951784205547764,-9.642568496378377,-18.992698759553978,25.31903488920958
110,19.68985783847261,9.684370099921189,-23.93721254399446,28.110205994318978
111,5.129235610156879,1.2461027687461301,-11.368212547834242,16.749487397807094
112,24.54470846306081,-8.468008917153153,-16.340221181718757,28.633383682992918
113,-18.993477339959774,-2.9819388781487586,-33.388293891994024,32.38960056799492
114,29.898079179588386,-4.138552922192855,-18.321953492289886,30.727006057138425
115,16.374213086946984,-9.450462918507426,28.971545000155366,-11.047785512099361
116,4.66557815268569,-5.9463215948004935,19.386471763867803,-7.763924687821856
117,-3.067913503458318,-16.273708432647002,-10.760575506655403,18.141124586876508
118,-16.194975149001493,-11.160918462046594,-22.65173871289881,40.34133017814035
119,-2.2596194678683967,0.16351225209409287,-42.9435099181967,16.01874498918407
120,12.522961255573085,24.45019188336086,-34.22850849082802,11.428713976861626
121,2.393091387910599,-11.686545589836571,-11.19467071710488,40.76965078641586
122,17.611277468452336,-2.2111090290374182,-33.3018940482282,10.387130601154832
123,-0.6628642265836767,-1.1071370523553343,5.102519116252068,-1.7638021439129052
124,-5.782922045690248,-0.2955211735400526,8.111011709138339,-34.55123002371909
125,-16.58028535002106,3.370861982073736,-26.81721452002246,25.21940412298702
126,-3.9104093919680105,1.1109120504704155,11.496466345259066,-30.047501892580723
127,-3.4951421943507484,-0.3961176826107832,-21.162377520034163,13.336086843887545
128,-17.596059550664624,-3.6540055492589887,-39.74651181143484,10.034482824922957
129,-0.6722371057537057,7.067015943755349,17.55981359380749,-5.133193520007952
130,9.470451932960328,-5.422169075727272,20.21722800854706,-24.684066165021687
131,-0.998023325323215,-2.977357722407373,0.8868050212461358,-4.37634424992901
132,-0.7309107199828139,12.877642556017951,5.852232856782781,-26.311442384683932
133,-2.0613890621844972,-0.6360469096318034,11.432824195965873,-7.151998679766217
134,5.248538922544735,2.708905144576665,-13.264785795034108,14.870928097716964
135,-1.156271120159087,1.8132307490531334,2.2395029700952986,-4.786716193487026
136,-3.5143177463907502,-2.0699766454049824,6.353668135209146,-4.194005315636714
137,1.3960213727581383,-5.431647861758432,22.292413877306124,-4.15839631698711
138,-18.43474999984053,1.791892715716256,-26.020997493309682,18.902032450956874
139,-13.147087420541604,-6.7876423250298155,-13.66232728785136,12.592861693357941
140,-2.626845771847825,-0.20228276359780387,-19.143989232924948,17.159046169000266
141,-15.80673988167101,-1.3005840643053792,-17.217720726297443,21.850106848309448
142,-4.800812952558734,-4.435259050339115,-11.31225616768024,36.31366232534211
143,-0.6674868583324239,-2.229128968418954,6.613428345339946,-9.950437786017186
144,11.526655972252737,-1.5272271289480241,16.538824490860723,-16.245278742324388
145,-12.72115092448613,13.413011767185997,3.5743595141748163,-27.27088553436242
146,-0.2882739383151024,-0.5295272261225455,7.069760452573661,-7.826830633728433
147,-3.9837212094136945,-23.839151408030954,-18.42489770784586,20.660788093467133
148,9.47451446256049,12.87827528576582,-16.65134447537407,23.450890267518155
149,6.764250648708215,9.43610333899318,-21.14755588035049,9.349542607270473
150,7.000324262636655,2.0511975612918736,-44.9104690808876,14.279014297867594
151,7.173383584675622,7.992044382641317,-24.27611649510736,26.306039946067962
152,1.6246436392458383,23.92930732801188,-31.182998305392466,21.19331177028596
153,-13.743629674231233,-2.239560639445466,-16.209890716804722,23.63509155908836
154,-1.0055113008958383,2.41075797531822,-0.22062157022177598,4.587792222506631
155,7.936580288198178,-13.502514726206085,-15.75971693375938,35.3727143295957
156,0.5225132306992566,6.78800420030333,4.433668202354811,-28.25823102649793
157,-19.976786138837923,-9.573631122342205,-29.309114122072536,27.302021118215727
158,6.544364649290173,3.772911345691381,-9.930796662835975,10.61973068667804
159,3.657259439865665,-1.2677651859776757,-8.41669683907871,14.981686314015791
160,-10.349885741374502,-10.924656049569188,14.611896472599854,-20.985139042322388
161,-4.961932759669295,10.66745822265439,10.362106737086924,-24.044948520554232
162,5.850820038209539,10.114907390787309,-14.326831783889784,13.559783516824425
163,-0.9832078321963155,-3.1715783653410408,2.6633211889549133,-3.3825659932082552
164,-14.70702193110827,1.6521678919443425,-22.850128526193178,19.04270114948115
165,-4.012003139424183,-2.810124844363677,13.983533870020247,-3.4413051443102387
166,5.1524250816141,-2.44745948923513,6.438755213317666,-31.427452020635524
167,13.617495966284608,-11.853509831737371,34.298354357681056,-6.108974810726263
168,6.550964845637987,-22.457648756373246,-22.565583874029524,27.342148511680154
169,15.475733372659688,-1.0059651204119617,20.024162447024636,-8.821744101658533
170,2.9028334986144593,14.529510371767222,-16.844442912315163,21.82186758710478
171,21.77562391905051,3.665287599187427,-16.428455178489042,36.20830492140011
172,3.219496571261022,-6.606004062838002,22.291726792493193,-3.440201764684303
173,1.3634473955530024,2.6384411550594256,-13.06582715237655,34.59825914643536
174,10.851973052506631,-1.2046436670432394,15.562801710481667,-14.73875542940396
175,-18.004801948661175,10.018547818426622,-28.447750834547428,22.1221858833093
176,15.091460072666246,0.5374893454551501,17.81600816841495,-14.999886036548107
177,8.61853142517326,13.267834082492506,-17.115672032627224,21.49751674973454
178,5.234227151094423,4.321931333922354,-10.099071228695244,12.196386338777867
179,-14.095067158047428,-8.056177888643255,-40.679699815471885,15.625674875538609
180,-4.396084273196687,-2.49843000285796,15.630962188027807,-7.498093172931261
181,-17.261380096835726,-2.1438212360864006,-18.130738279980218,20.777871789640127
182,2.650969957845829,-15.641722352496211,-23.731297362912358,29.253134380708644
183,-0.5285346953351253,-2.0242007266573525,8.668427830111124,-9.831380374358424
184,15.933098806097275,1.4184117652451789,24.373194685845494,-4.754274851860341
185,-9.648062802841622,-2.421317226882868,-27.664100469727412,31.537772888070617
186,15.287997845380197,9.992800120991765,30.480984782567546,-7.75691855051824
187,3.968072459054477,1.4219192491511548,11.132446998207278,-6.088088633341487
188,3.7465932142867655,3.3927388064911943,-12.868338955737862,12.098885554176492
189,-18.675789946770827,14.513739185267491,-43.97781336831225,20.066338900911497
190,-10.869145304683224,18.442866820201445,-23.63520417525132,37.39410616187453
191,-19.76175982028353,10.474181214718431,-21.91630709049572,14.969693330279226
192,-11.321590982937423,4.718146838880273,9.989209257877512,-19.11310765272829
193,-11.715125073019555,-13.834299842170006,14.602950516504725,-31.749092311613932
194,5.389359652069681,2.839932635761738,16.534023486605633,-7.978282695190703
195,5.7378345334170255,0.2778903088755316,17.99733818085394,-6.21947080261309
196,0.44251033612565144,10.85073475195558,-21.465726086809237,14.114761638574018
197,-0.8688231682484598,2.8086344946196813,2.6360225705150264,-2.144072972628463
198,-0.2841745868695307,-2.6010657346408097,10.229745653734287,-6.935353330381767
199,-19.424561940455035,1.5014376880640519,-22.500120375310736,19.935174033225096
200,-2.1453299896842966,2.262116136688609,17.036731997561322,-4.26038195225847
201,9.183839030890683,1.6625284286280249,-29.99415371000321,26.193552415644675
202,-14.16408710865375,-12.81241593053838,14.613701868007594,-29.291846760067916
203,6.156794293527831,0.057506197775761714,-9.780710353924208,15.407819571312952
204,12.494545700375271,0.9020410366571536,22.602173422780073,-15.634733870721076
205,-4.327958178954812,21.01268807958114,5.908280443068039,-26.19758569129123
206,-1.343736264249317,-2.8917288825285583,2.33447889891282,-5.032125455080827
207,-2.5774206827270025,1.10568037183199,14.906015782132195,-5.72235938287065
208,-2.7314360217864575,-0.5806355524430242,18.047918457861385,-11.508852375139071
209,2.081583927865382,10.11290317858228,18.121266438937614,-13.41773952621014
210,6.591372378017181,5.9352586108364145,-10.068987898529913,9.421627092539893
211,31.090341183633313,11.594318886549793,-34.06011696768931,20.136607673912593
212,-20.87255205192928,-14.025622664855861,-34.99710858241609,12.125308321357686
213,-1.2888807283606365,-12.829981210520236,13.688052231592442,-28.06202665151066
214,-3.5968185651425357,-1.7187706177260595,-3.2677257586520243,5.251220322793433
215,2.1197301831725124,-17.34593340621422,-30.89004023322503,28.212165105531177
216,-8.683715281905675,-1.8167386535762304,-22.39038741622122,24.057280635281508
217,22.493791425325043,-3.7702976544994042,-21.53921228548366,28.70897365465636
218,2.319822630703924,2.5571462579295914,2.8205515804418675,-2.0904807832653955
219,-1.1282558165518521,-1.7619708732752486,6.276498544166012,-7.657583738941172
220,16.35805831174131,-7.882558198100296,25.243964751891454,-14.784221504259376
221,-0.42088376598660326,-17.192573586712786,7.092524091443131,-32.997190026128116
222,16.960233843374912,-16.19246990145387,24.93323587781951,-17.382312848663595
223,4.105262991000082,-8.775439530715975,25.36050397067324,-18.402144864657995
224,11.843592802688226,1.2734232381133463,8.630146641174262,-9.897063367492239
225,4.118949076181512,0.9420467111694792,-9.114321038590624,15.93493213142709
226,3.9159513960959083,9.795360560632536,-27.049486637221715,14.638063753540335
227,3.4591930966990105,-5.907107182273889,-17.180411540475205,8.741016483329474
228,0.858884591163332,0.4013158991434456,16.621363586733462,-7.000214312093384
229,7.533883886481467,6.314166183696299,-15.658525842818472,32.014948674133066
230,9.421182740581775,17.590837465426674,-20.974637461258414,15.374807146001277
231,15.303972111329625,5.444273149989393,21.479332577827563,-8.8056130043038
232,3.1342812698098985,-9.9098012664199,-13.18930575898763,38.042582312646964
233,15.325893373868968,17.42093552281036,-36.6699553469286,16.340084852206537
234,-1.1846730448105838,-4.585300479819894,10.670722648441211,-23.36505986525341
235,3.382201632161381,3.45117289512946,-6.019306192232845,10.406660250460135
236,-0.18050138109686864,3.373614188978783,10.570874918621934,-6.916227482781693
237,4.9108230090026534,-14.127108042516074,-15.486114793001255,20.42335134391923
238,-10.585988524776239,1.7704734439634986,-24.740113333184762,35.06087678440279
239,3.612662027827283,-20.98206937387637,-31.84127114147492,11.168200322572503
240,-0.6834651918908207,2.296494864861808,2.8838907678088437,-1.6149175276923864
241,-0.9005817439535365,-2.5848680426126767,3.0401623516899154,-2.7486251416763667
242,16.527744914853642,-8.135474755201436,22.918999904348812,-18.247252975333026
243,1.3720425221018924,12.176878970789485,-35.9526520892249,12.041505385127454
244,9.117744542591772,6.265836983530516,12.401797266634771,-14.064684729411168
245,-4.948413085163993,-3.9549118472885154,15.522819612085078,-10.393221015709177
246,-6.85840602792988,-7.953122527478267,6.939451046735735,-30.396595058718272
247,-0.514713306054192,-2.147313748750742,10.107435770028372,-10.936565324829473
248,-0.18647945829308477,-2.999545706183501,-0.10922125706912222,1.990714643505724
249,10.313984131174877,1.7344236039503385,-22.761145134793548,16.421689707488
250,13.487215654212958,0.3380975080744772,21.430756394232827,-11.265088665591621
251,4.817748633982646,-1.1410517680868912,-27.09886444139053,19.598091421627583
252,7.027040965459794,-4.437080163555379,-13.716643507843878,42.818463157056314
253,-16.42413700347231,-2.234481923840607,-22.078149992693188,24.30569182064678
254,-18.17712701948401,-13.564881889232245,-23.147472220651792,40.86307838113999
255,3.232854066531787,2.0703063640074104,-18.858036941921764,21.061467194687925
256,2.88884677203187,0.32493210052530325,-22.261713235688003,20.556861084991255
257,-0.9733040339032845,-0.031000627986517038,6.294587851058681,-2.907540390975132
258,-5.485503084918026,21.53448675646668,-35.94640587233698,23.077978182724003
259,8.114027322342341,3.174549512650235,-14.375971322990797,24.905032332814006
260,-2.8541973521073034,6.869386319084754,15.027407562882027,-3.0382369988412514
261,5.276360952108763,4.249616016072227,9.257567804385797,-8.75185825022307
262,-2.250774823675603,-3.256058011931356,13.35478711368444,-4.730973535972678
263,-17.790896677549984,-7.042715669027552,-13.513633724825338,22.654780328020042
264,0.30749022377232976,3.3468189454428594,8.59697546270431,-7.7359190640553095
265,10.867915316834367,1.8461607077727928,9.475825673620148,-9.957958704522024
266,-6.29267553210223,-4.634957361799153,19.45069836634201,-26.336420261786344
267,10.256642793240463,28.808717450087475,-27.771413202301975,25.122621254390072
268,0.6034236650924493,8.61127827261334,-18.734140881725658,18.558367328013993
269,9.729610066077822,7.1369792715658384,9.169859311672502,-25.913215043830483
270,8.632349882101643,11.798925785419895,-17.89599156819972,14.48821091322047
271,-0.8600022905108079,-15.257039966416055,15.671285801706889,-23.471651173569704
272,-9.776532700719248,-5.952240711321377,17.55928542355112,-16.384919558462695
273,-7.574492146108906,11.756702900732774,-29.426413964028264,26.418233405238293
274,-15.29240380126716,-0.8598869177931827,-11.67671660746341,24.50191308963856
275,-1.8849556861331855,-1.0937170864165706,10.809606821312189,-5.903705078924963
276,-13.412007379238057,3.9240876310713757,-16.07636874781654,19.36521251759375
277,12.63449790412347,-6.728739768018543,13.333166505770853,-22.22244548708995
278,-30.24834442218463,-0.3477525721187802,-38.658035787889816,19.524912454775414
279,7.072291755762099,3.280978595519777,-19.802884317072188,19.956732043885378
280,-6.190473292492165,8.33168214417564,-18.664686503691968,23.35596986347743
281,5.626682786595732,-15.359251438786487,25.133375075473086,-12.458812771111587
282,9.952149003216023,-9.445084315939571,-31.69682924545384,10.595374075491307
283,-12.201825150490166,6.411594675376707,-17.603920652840205,26.570804190687024
284,13.406492789926773,-13.59392665373634,28.17742528837657,-9.800413027825389
285,-0.9316724657034022,-1.5499987885390438,0.9705569962778502,0.47978827675147384
286,14.658530699225132,10.087259761836986,-18.924803255166555,22.04460102601903
287,-3.069709252035675,-2.2201874797853365,14.142558854295297,-21.038958742668715
288,14.298613915263871,-3.9442825536823687,-22.52644019454902,30.02842228223012
289,2.805046587734169,-0.8482663121649123,-12.631249540966683,30.13751302076227
290,-15.192400016682692,-3.7444038578742345,-24.605173323857432,23.003817162824294
291,-10.64669095010656,1.0211936169988025,-22.503298692384956,19.03071312368345
292,-4.094441870972717,5.142603559551064,18.626758653642884,-13.027009584645056
293,-1.7480651771586295,-3.33452191214025,13.034437574758504,-6.753245514584993
294,-15.87179562730752,0.12194617850684564,-22.575590994807342,31.77660391385221
295,-7.015249819916139,-15.159352482203378,23.284676310324354,-16.312276333867256
296,6.028804139401476,11.241674766109119,-25.82353927771813,25.128756192851668
297,3.0006185653822457,-5.2193588637435715,9.598717479940277,-24.158488710513097
298,13.857306115270424,-9.838959790518443,27.540721040145424,-12.524647927050571
299,-2.9371027050067458,-2.426231734690249,18.6550391040227,-9.798434127541752
300,-0.8711509912529637,-2.3008334355872684,7.067198864920641,-6.0901533656938245
301,9.63060775753117,30.891296914024608,-21.4862683417506,26.7936691643532
302,9.49875894842258,-10.481522988119313,-6.511080734561154,35.710941614700545
303,-11.208464447594666,5.2909620723309505,20.005243735778595,-12.619599236183083
304,12.297375383805031,3.6966535385686834,-19.653809215203427,31.61852050934437
305,-0.09108749504894254,-0.6039046388732765,8.865358516874322,-2.690107646066998
306,-2.084089994409123,-2.333540974921385,-3.388199428623304,7.476030991679828
307,7.292341657830128,-6.830195057551878,20.929905689549976,-6.351784032722623
308,-8.642619508577038,-4.649719148463427,12.211219966367013,-12.050760376403423
309,-14.078708099112655,-18.850437849128486,-35.63917602029656,13.668814662539793
310,-18.103620685335716,13.275406064075641,-20.808878791176888,16.73354792881707
311,25.397144881375862,-19.344338883592915,-16.185073160768894,39.69632249632506
312,4.083147122235532,4.488594089969039,7.1230628586425215,-3.234549601160835
313,-10.857250281570217,1.351200629998103,19.834269696614445,-21.465423863275237
314,-22.895435391517683,17.883784328579896,-40.097824510778224,25.6139749036301
315,0.17051931133818532,-12.627264920277169,-12.608554715934178,20.92860213435183
316,-0.7761040300736922,2.109964146537599,1.6604838135363784,-1.9253920312738013
317,-17.63098707926327,10.552444891207118,-20.475605865984473,20.9801013561961
318,4.515276053245474,-1.7692094005450263,15.991489029033245,-21.565855148682157
319,8.160517911950418,2.3218628168880713,-19.177198894860997,18.86247949102719
320,0.44213532751429735,-6.124313164121048,19.86066859135409,-4.170159032087701
321,5.71424749465874,4.648013844580167,12.031569412846002,-11.464425630674217
322,6.561422750517929,5.459257069641826,8.211603763237632,-4.3726505386625245
323,-2.134769840686973,-2.777023412926348,13.702894787544645,-17.782167331092126
324,-13.043741271929706,-0.07808527850363942,-16.262723658727793,21.02933332742896
325,0.6112153806000203,5.055989346346368,-16.642076548323267,16.191437639177366
326,-0.9146043480954403,2.1747203489119795,2.851984386878121,-2.781079776658347
327,-23.10829740983078,13.702776019912246,-27.671704780042038,22.572500140950932
328,13.600102040611985,-16.502479919527538,-5.0142680639314,43.308820503499824
329,-0.8884069681671994,2.640276549638294,2.744108873091195,-2.8978107744354227
330,-4.404749295163689,3.5245982852761557,8.044565680968349,-11.305831024011946
331,1.1562845328722124,1.7827803925592558,19.853454773848632,-13.447486931135392
332,-2.1577751385920676,-2.1834728911491936,-2.7188080953548552,10.562926843839616
333,6.695767894669241,4.0136936920299044,14.034711223820723,-19.54861194695485
334,12.310489761295258,-2.859754718930191,16.760709857181425,-17.65506631776754
335,-1.0532357466735456,2.145998330254664,1.9771959642149253,-2.6116104288805393
336,-8.549353091209662,0.9241045932639638,26.067776181388176,-15.419479503894985
337,1.2124065608524028,6.900120082970809,-14.029285153023448,20.85455430502852
338,20.535641037697754,-1.518254620311268,-20.709307285469734,24.6491726554132
339,-0.7252365175359902,-2.4729080172589595,2.289811062346972,-3.268086971394889
340,10.4665744692516,-8.01459056063902,20.976133268491186,-11.662782751723775
341,-6.745371070054937,-7.529528832682431,20.534681883662312,-21.560737775607485
342,-0.8226780989056691,-3.433521253002531,3.228662733114867,-4.990474449358889
343,4.20651576459446,9.070941498710436,-17.709567861484004,11.036749392383028
344,0.7273428015719441,-8.757003816758916,-17.568168978935624,15.183719225256803
345,-6.924497542192141,1.473600125507128,-23.862693974567883,23.121678874069445
346,-22.548231809296418,2.1746061559556393,-18.380593556944696,21.562490708009992
347,-0.4362527482993197,0.3770399456364462,8.169932813600974,-7.41564733368681
348,19.669341397408253,1.423768774741074,-25.72263152567127,18.35022845329234
349,7.37006117575318,7.402570255231862,-19.69531298763599,17.301136209727286
350,-10.91500035560277,9.808414701536323,-25.899186501708602,11.198840652763288
351,4.70358877802427,2.8753099470157664,-11.245080615281621,16.32716030209688
352,-25.166504638276287,-5.51980856850768,-37.4401600150892,27.911503830309645
353,3.9588050146657516,5.414061518861108,3.3082675358002676,-8.405247672356372
354,2.751946168093037,-3.6724543800918146,20.468087394774116,-7.738807040561479
355,16.759755798583576,-4.949902527268651,21.910454213416777,-12.373833455679621
356,18.358487456023475,3.900152993668958,-11.931276015049658,31.628238845571854
357,5.121127724372503,10.191613103630303,-31.604769196449524,7.8975789718036555
358,14.209172223001472,0.22715975165339947,25.67659013159947,-13.284088367420429
359,-1.6655718965646655,-3.648934611525762,15.843714832983496,-6.716592563489803
360,-3.4648853514624918,-0.07403742832369375,13.473297034269285,-5.88627161145166
361,-10.103889009220824,-15.012282374722135,-19.465717565688614,33.14209342474813
362,2.0042062392540085,2.194512164944217,-7.250666105388712,11.20664224329449
363,2.5557688012458497,-22.525731776249373,-49.78053052207236,14.052226563190997
364,4.87451956505138,-24.870228828558997,-25.160933871142976,17.966708324805975
365,-21.315513151167316,5.573028066720986,-18.204396882319728,22.762423540804892
366,-1.4924350279304845,11.948713724526863,15.035175829833411,-7.445495723508197
367,-6.167937483363475,-17.106812884848193,-26.314359166815933,33.07056197441345
368,-4.940611828450023,1.8065067666412478,14.83734416586349,-11.617456292193975
369,-2.9529173024516067,4.916206692726305,24.060243892569474,-8.479455697443784
370,0.37265451471315625,-2.3655802970027415,1.3235573674361967,-6.3216357172442645
371,6.749684416690832,-16.9775570551299,-12.094256421339198,37.415551493276425
372,0.6033419699894478,-2.1608312011325777,11.495178609029876,-10.776415858752628
373,-0.14731513198040302,-4.043877862918448,7.170494450599321,-7.36412701085697
374,-1.0754397822833632,1.2137800951566693,-10.458192148117734,9.880171221304082
375,6.113698606427112,-7.013323222273479,14.637663556215527,-13.102003756373348
376,-9.383368807331957,-0.3988521990055312,27.96379271483569,-10.31958560117896
377,13.937226105737851,-4.079576074970126,-21.382294899197117,25.250667916535097
378,10.194023788456349,0.1099800000672842,20.359630726570792,-16.065718223574503
379,-1.35731647268448,-8.598966426071959,-23.31390673295247,6.2600336767698845
380,4.474811769522384,11.140436672645405,-19.79436879803558,11.657490202867502
381,4.461676377488055,-24.05216380803578,-26.94623274085983,18.122472111155965
382,14.935574124674691,-0.8694412692715019,27.419581073750372,-10.14565191990402
383,-0.7768541291733194,-2.7845907323709267,8.923768060971936,-3.957830445302235
384,12.474635205957556,-12.900664008891578,4.280840097636636,-31.391278486335143
385,0.9287804262600392,0.34011420498990635,-34.9354867319222,15.564559400110495
386,-2.1589248975558,-2.639524046706094,5.322415466930229,-10.111737871627673
387,0.9122361335686552,7.39859391733111,-11.581058820655137,11.200228182161243
388,-19.126400684177156,-15.808938970181993,-29.83072555703902,32.16833637201348
389,-7.4951106087916175,8.436864834814822,11.381907341125643,-17.690444087908812
390,0.7535380193104843,7.587036039677314,14.923427529204352,-11.490014160838639
391,-8.127510017347024,-5.971313218901981,14.840342952313383,-11.142636553488403
392,-3.3598154356377874,-2.4637646402046953,-33.79722333639063,25.43746920988248
393,9.073503475866541,-5.4118239783360895,-19.914434246276187,29.74211182696684
394,2.8145649509318598,5.643325837322183,-10.433400758728968,42.829246116371564
395,22.24991352613609,9.494979093951962,-18.963245287873217,32.78064007391123
396,9.847448264422889,7.220731326703663,-16.84431547874562,19.399608902077556
397,14.178834727343677,-14.573008573812167,2.5957545638119837,-35.344930996142054
398,12.562678877698609,-2.0248856941813744,14.458478431300383,-16.197586261189723
399,12.132924543750635,14.257574434387815,-32.3781964093847,16.078544963561317
400,27.590034778952482,-23.50229097996637,-35.546111654545875,19.723417932910074
401,-13.68732176645492,2.5270692808012147,-19.2555906579164,24.151517548150576
402,12.468306122731407,3.445587202693015,-29.354592934225114,25.53924882223001
403,-3.2996745076043705,-1.1353664836365607,-18.914625788048568,22.346086117955956
404,-0.27484290207573714,-4.046353129673906,13.621737337397915,-6.8799886319888035
405,-1.9203877730923447,-7.371720098740168,17.798118757425726,-18.91108891943578
406,-7.643939372919786,13.437777277706907,12.076546131734858,-17.591454499172837
407,5.684501524581675,4.028257444434583,11.480853591876041,-3.3054419581332026
408,2.1417813163945283,2.078250338028818,2.1284203786274802,-2.99621227963218
409,-2.2919567763324302,-3.01180098412487,14.657152936249263,-16.868251448982413
410,-15.696893371583556,2.2904482538471824,-33.73581621913769,20.897114649811535
411,12.84982705779845,-7.95296726926804,-30.551941981916833,14.355450976555568
412,2.0310697920833682,-16.751609112070472,-15.364222487647794,14.062484519623798
413,-2.895339096329312,-2.0734289165643762,12.29647303681095,-17.163759202767416
414,-0.8609710839967512,2.288918615567887,12.524200049941458,-4.64563152081951
415,-18.32206147055211,-7.468983514868549,-16.65468524541656,20.985619515142556
416,-7.4373459305810545,-8.604257627806879,-16.799310013093955,18.932695339416583
417,-3.473601729096074,-13.2948353594252,-42.59171606035764,17.61268765520682
418,-1.156271120159087,1.6338763788477277,2.085027259256853,-2.398342792996084
419,7.769864941592356,-22.09529368238302,-17.227391111373127,33.25036592516551
420,-0.4820598652728948,-1.7601039325504992,14.951896834782021,-4.8738305733135245
421,11.200784009780975,-11.062549330383929,-11.198957478567301,32.394570957928075
422,2.573965530634566,1.205929392847698,-0.30231604457257966,4.1253137945326435
423,-1.020387444819233,2.353553263773002,0.4875914714938996,0.6367563054821002
424,-15.702836841188699,-6.542117909484156,-32.56803876905015,31.910118717247126
425,1.9617137124334727,-0.5061922121566328,22.576156833717743,-11.481440486988147
426,-6.4294975453995304,9.553367206237487,22.18304864539526,-16.9481448568303
427,-6.194514555160297,-19.155285074883174,25.95120413895386,-13.57206132614076
428,-6.507413718247748,9.994210330166075,-14.449208003035274,14.872593215552852
429,-5.856574652406913,-2.2821879984150297,17.52804419022746,-9.890946429621604
430,11.98857520864518,2.0941311780538103,17.535795897761698,-13.384024212603142
431,3.8117062693104526,-10.658606985989456,-31.439832946244547,23.762156134944444
432,-1.958594502844865,13.614343264594762,-25.64780421053101,21.160839001256313
433,-24.313829909177695,8.56629236211528,-12.591355443922108,45.27779161572773
434,-8.984014906014405,5.3874174069756116,-16.044257787111693,20.449808983676363
435,2.8387251024572104,-11.226766335561152,-16.490738392782557,17.910629621263386
436,-11.202221676356032,3.2089262666525387,20.06515452600841,-10.382381795820962
437,-2.269026094715777,-10.72389076230651,3.700254752198712,-32.79793463161199
438,6.186472123366696,4.381375330414387,17.527890220520238,-5.068808300015332
439,13.713273573924635,-12.387443313209218,2.1829880560989685,-36.4050572320629
440,-3.1577013307357515,4.507163362443159,-19.240215326758506,15.240645607447185
441,-1.4729979131516089,3.7548875680065557,-17.679402940088398,19.537466480736548
442,-0.8142190545613585,8.681911770818722,13.781693932681483,-6.700402251341458
443,9.644553282998004,-24.9911537599584,-20.89062679396145,24.558845697486603
444,-7.095607295522719,10.667757942902,21.125390603697447,-17.8508785096129
445,6.493455976562641,-5.064463090410027,16.429305028933058,-27.901911259026917
446,-16.374600814527547,1.292878654818451,-20.752569288939092,17.530988985040132
447,-0.7448223499513263,15.752634993667483,-28.43710880461264,18.40649873996001
448,13.397747601600257,-0.9755887596006265,-20.918451291114682,30.170054775424237
449,6.21383961927819,5.150791864470235,-5.625132887098962,17.46989954451104
450,-22.805127366417516,12.31123312544397,-25.842342203471798,22.969484572280805
451,-20.294155703743503,-6.468978621189382,-30.98564810262078,20.652906039220937
452,-1.2557124937622763,2.7162727357322916,8.318416130098187,-2.760916090036956
453,14.465242065704913,12.198645009754733,-15.316116142950415,21.11086280384067
454,-2.5988906757506753,1.2235391933405768,-10.113511898838874,16.45723600856675
455,3.8787472083576477,-14.120236830920513,9.49565634413517,-31.284266442706997
456,-0.04784852570239967,-17.23115608376341,-27.926172715092683,13.172903988165007
457,-2.801458520486178,-1.2998505103737037,-2.836233667759697,2.895120534485377
458,-4.840602941509619,-15.785251460273797,20.073715550154414,-20.7027117982575
459,11.516961869757091,0.8267582233022659,-32.62037450514809,11.77348426515309
460,7.074384482095395,-1.5061153032633314,-17.36352013721448,12.695067823497874
461,5.705647702702649,15.24851322838289,17.192940766903682,-14.123798086646689
462,17.262971172598142,-0.5046064743426087,21.337580186656194,-13.092082705927124
463,-21.934759552181358,1.5242750546315929,-21.40531870390967,21.839141348075696
464,12.465216335173498,-7.057948524640834,-28.199183688170844,23.2196089209322
465,0.8737498221423778,2.6892448042018096,-21.144353167242702,19.431673497537776
466,9.229526949630657,19.1385434475747,-18.565373536190688,18.865125396591278
467,3.13859747709749,0.7834156024798495,-8.205060202515945,13.16828939760245
468,-19.230943877830555,11.455721318740606,-23.899948708814467,25.51442866165602
469,-2.3482471225994286,-2.4009579550685234,11.065043874843767,-26.635985732014596
470,-1.6340708339178756,-1.355200110654261,9.71550608054418,-11.365262451478912
471,-13.53909398709246,-22.595498342966465,-39.10290645561219,13.115672496710427
472,1.731811020128864,9.279137346746705,7.390032378658875,-25.82062167828255
473,-31.52103363664067,19.73398066740325,-30.9456691665069,33.151189300082926
474,-10.036343873309931,6.300222087116961,15.764232728608624,-27.470312214939387
475,-3.7525016867337886,-5.2338049483021045,-28.714116409122372,29.88398439980106
476,3.498809105252709,-11.756848696712813,32.2155894946205,-10.278654650090493
477,1.0659561346339135,-2.108851430807096,-22.383647336485772,10.039655064507018
478,-2.05487608790304,4.032851594517434,14.032154893025345,-14.914087995145307
479,2.9787946485999317,-4.203420963226375,-22.419701353145022,11.441722442217788
480,15.804202883425114,8.699266686612367,-19.6972148913682,25.97573629139698
481,-6.57877218680675,12.065020775409371,-16.626731464810874,22.996561685639968
482,4.258638114605372,6.641776988818465,6.860041718315651,-22.87443522642105
483,-0.5153035867862947,-2.7809864248680145,6.980821267950363,-8.919869450762441
484,3.620608569711976,-3.0544336688979814,19.686972719529315,-13.90652948842031
485,0.12436480579952391,12.82596178611031,-38.440085242605235,18.124728272548985
486,-22.386701882242477,21.07678095516211,-39.42626395463641,27.66514924789547
487,9.592621675624066,25.7352127212923,-37.06631125162978,20.530563625239406
488,-22.281789534779698,-14.112804892720971,-13.266184126716118,46.4471944888861
489,8.075850870733174,11.044903855808451,-12.959584394227724,23.16814380712657
490,-0.5041870107772793,-5.0224916109592685,-16.033750175543958,16.848318599295904
491,5.340889265684595,-4.043119135539413,7.743565631691077,-29.43908622790863
492,-13.533766929400215,-0.8645434684874154,-12.948209700660005,20.405145000459346
493,2.6619983522874717,0.451093489488478,17.544891838922076,-13.23791159586378
494,11.602678862276472,7.923641607828679,-16.883895121860654,31.939502819583048
495,15.744015884899554,-0.789215816230925,17.846170793301116,-25.202395294098366
496,-2.6367275025599586,-2.153946602674575,2.064554732482407,-2.878747781090834
497,-0.8359452060220794,8.158371820426751,15.084768772889491,-10.045081653596172
498,-0.28934895773555536,-2.0798771750001297,-12.796691061717938,17.305580337295424
499,11.10254231769418,21.83090030850887,-20.81908807037345,39.68478028281768
500,-5.701767793626693,4.940062550889041,-24.46448093286456,11.059806042404054
501,5.653060890981571,4.9591803156477665,-30.437818169156685,24.025451876328116
502,-11.653945686487829,-5.594827504948028,-12.339842886749521,36.77412477889894
503,-1.3619833520617481,-0.9632419372287513,0.4068860632443534,2.754909074645466
504,-3.4190365408463763,1.1030793898420441,21.023870037185066,-8.277881635167628
505,12.65717437183322,-7.383846861226293,29.731134616339475,-10.420295681223047
506,12.658740828209599,8.58326035816223,-11.096549721421134,34.58635598613962
507,8.260023187005563,10.139788261691432,-31.149107909619076,23.05291158258676
508,-28.94265282647939,-8.349272384022056,-36.276378288641865,28.734698655192968
509,8.291915474399023,4.192597480338129,-18.49823919621245,20.497685226732482
510,-1.8552369020195503,5.457624926373004,3.997910069970358,-24.017852991210113
511,8.29409098172392,1.6206312301227392,-18.327074220575703,26.679754639364273
512,-3.511748226827508,-5.0571400712834595,-12.624302919696909,19.345188794583308
513,-22.88857081113286,0.07659534920865635,-49.30083299712767,15.845818804866093
514,-1.1888812389973902,-1.1781134745062296,1.6103469421596803,2.617297349959382
515,5.851846945631476,-16.0915059721357,-30.32675844958399,11.730593122058457
516,7.164714476128381,3.61562581870921,-12.292951019802791,8.809261091978714
517,-9.44938772487904,-3.878470845834918,13.097987296076832,-29.450950053284455
518,6.056654887435496,1.5132790536445089,-12.535669795238563,15.997039511544989
519,7.460086761715146,19.037157147403207,-20.926491168922926,36.57634345143962
520,17.930772088995592,-12.749982551178865,-24.137900428141595,23.82447814765241
521,1.4039845375864375,-2.351555752955061,11.969804332714078,-3.1591690620006276
522,-8.338987529493762,-3.4716781108006356,21.923645371105376,-9.461985772688134
523,-14.942979645389414,2.9693089954360787,-18.82933470463912,26.25405245892967
524,-12.964238387582315,-12.034805700865812,15.44933782262393,-25.044299191617018
525,-10.590702937762487,-10.818845564124777,26.043640511531745,-20.113952873829913
526,-1.1395366417724908,-3.2082704378956244,2.3553856700831504,-4.188541223145458
527,-16.207354162474196,-2.0498836804390717,-14.18806702593643,20.620501138464718
528,3.1002084033838604,10.411114918938763,-22.93438635698694,22.394981379793627
529,-10.473260757114115,-9.131463671169843,17.44656923777452,-22.783211297930535
530,8.928009432652477,4.47080272803742,-13.051397373107148,17.03540511868846
531,-2.458197834217715,0.8453332751544036,14.475206814974305,-6.013949185299364
532,7.15003242149773,-6.678607494613039,-23.21901302591061,15.444687605455327
533,-3.4539333804879027,-1.6835709473100011,-9.78733969798775,10.90944779415997
534,0.5421508878942235,-9.235527184405626,-19.312120946537433,16.647094466434982
535,0.6561512948610834,2.149703626128817,-17.24722785159749,15.581608490330595
536,-1.9566310553958446,-1.630393512112991,6.155100730057185,-8.475160474739269
537,-0.9458350826505605,-0.40920286632923336,2.676941598592546,-3.8942061908225614
538,7.473965950079022,-13.628931689633946,26.588339935953183,-16.709476375233702
539,11.528409868532552,-0.5836332828832258,15.238153129586815,-19.948412421575345
540,-8.095913635258032,15.434857009304892,11.547213356892364,-23.589116309341225
541,-6.838443689279188,0.6227611455699631,-11.997172760574315,15.193585680490873
542,18.767741965842255,16.236485779210405,-38.547948254327004,18.243815131440893
543,-1.2438540926130055,-1.8362910731005613,3.6802071396923046,-6.844158874132978
544,-9.445216033556273,6.168349513543004,-16.39113920440327,20.864402007928465
545,0.20867934358064782,13.650948954829962,-21.62844362071597,21.289728492160435
546,9.674319686106097,-0.3764786556769011,13.262700809498265,-12.089734040117174
547,5.7713507940564535,11.221885423603418,17.548710404569764,-24.35844943589322
548,9.619789360374362,3.73545406393463,18.60046354219935,-10.569372027889584
549,9.197981845706929,-1.5533915249477825,-14.02304637716428,15.54169755196091
550,-4.126953742282085,-3.349125310809222,-9.124454123595859,12.119694359602526
551,-4.826074917018187,-18.013678430380203,13.597416790557249,-27.918245769524002
552,0.8500703000111651,9.212387136434945,-10.138337586086296,19.310874741113793
553,6.358431749302372,-5.557519322819355,17.30810843274334,-7.7988613165652865
554,-13.440104972443894,-12.463462869217793,-41.485929384441654,12.380742904231953
555,10.946142119726728,-12.389187077321647,-18.26861556183731,32.00374111102314
556,-0.9209271979540045,-3.063098054640137,0.11496127758811481,-3.1632955613611853
557,11.713041247303806,8.578570088440882,-8.130357319811159,32.33744873292284
558,3.46696042729423,0.28979895514043835,-4.307081266346921,14.175685737372376
559,5.10050233386395,4.098763781805653,-12.60729259026906,32.82242567627118
560,-1.0398513594534609,-1.3451862719457832,4.557923631497971,-9.379620177722504
561,-6.4176948332363795,1.2183381566606135,-16.751682822519783,17.3755026380078
562,19.41169428475504,7.838703570244456,-38.252109599953165,18.764365352117732
563,9.054210880225664,12.223024465340389,-36.83321558567801,15.41802264424568
564,-1.5050057973862137,4.519955609978275,15.710487135766888,-5.309245152320322
565,-12.007554607132898,-0.2086345354416297,-22.11965301185804,34.289538949433556
566,-33.95513360349293,6.56116274067636,-31.44526019175044,29.477063737737687
567,-3.196439667196802,-2.3033108395559863,8.668082833932504,-8.302648313870778
568,11.425083408171405,-0.6330514141788192,19.745664120971085,-16.0177794799337
569,0.10586323738281012,-2.6981720958515965,-15.891544240710687,8.13726197458113
570,-0.39805204758452195,3.4777069219641112,6.146743975112901,-5.898859331247968
571,-8.990192722505085,-7.549292874709155,16.991202294138464,-20.005484946459955
572,13.44626120729705,1.6440038096959093,10.211753740887502,-9.517753814622173
573,-1.2325662709998273,0.9758329133387225,16.519691788389288,-13.536152160629333
574,5.905480398161871,-2.90177402024056,14.92738894246955,-14.184388006596594
575,-5.4559210548717765,-0.52158343760532,-46.600967514631286,17.66175424407723
576,-0.905534350485215,-1.4955035508438421,7.352838150812694,-9.318199307983878
577,-9.585532807701666,2.35491884299834,22.508959837697812,-16.487335735060977
578,0.27289091024235435,-12.61866312957583,-17.04076348746067,17.672838442586354
579,-5.5601281067546156,-14.637922851229,25.22560037999989,-17.07155665115843
580,-0.1611402564842911,-0.5089748307909502,16.888469643535412,-9.07488924178838
581,16.325191967541368,0.7927189916201178,21.51668743247904,-13.788375093090407
582,-22.50299016919742,2.6024817992185536,-23.94400511279111,32.27101033085351
583,6.810720164179216,2.0031290716870687,14.629530380116476,-10.346901030197452
584,15.034579948058235,2.5547141667349265,29.028840959649926,-10.966205297875634
585,-2.8493517953785346,-1.343376663597123,3.7899641936156745,-3.437259042172913
586,-7.968059932653447,19.410187406411918,-25.37112365014041,17.287643268974456
587,-2.495021496176269,-1.987822228141525,-3.283991955046605,8.253216931742012
588,-8.88342415136557,5.631235808826785,17.18352465115609,-15.849348657537183
589,-1.1066054793655171,1.9964318598220572,0.6901314571865682,-1.9932733217813206
590,9.325775873293265,-10.499602399369405,-23.86983482434444,22.948090898698766
591,-0.7808452136284555,-0.2668067252667962,0.20724656910957817,0.74116422276097
592,-4.796052632296118,-1.823117987662229,6.82693635466436,-9.593505520898088
593,-19.19721439251904,4.859256503205832,-41.192296303863,13.040140780543746
594,1.2522005657615431,3.148361008298593,-14.795552316693003,19.274792951320677
595,-1.1718677610324555,6.5600559978717135,21.444854122077214,-7.591935029495513
596,8.227733481863659,-16.875004250204007,-19.050848536415725,38.03928315897326
597,15.577365699168222,8.652706630950867,-26.58712243502901,27.583640267528757
598,-2.188064177294969,2.328299939020766,-14.267671733634193,12.031005834429532
599,-12.278217226810106,14.459405526222065,10.608937529509005,-21.92504707698178
600,0.07078094721262124,-2.535344318621014,17.564330979348792,-13.433134815482456
601,5.337140925041012,3.3072875746430155,-25.97226916008464,26.139108773501587
602,4.1305365340463,18.02562944002414,-22.770914040628178,26.856425834224094
603,2.257055469334838,4.395467958774975,-2.479686686649436,15.428452791318762
604,3.8497896032914736,4.7803597019144775,8.599120265938227,-6.508374162131965
605,4.712366844604412,9.121146725040187,8.555034148858718,-29.38700138860658
606,4.131419801982401,4.339092130007627,3.9513074187727635,-3.5944943359399635
607,-9.69132035247115,-16.71890649855155,26.751580342083578,-17.73057221843584
608,-31.546390436627934,13.75856593813729,-33.83953783587125,29.121264004941548
609,-0.3814015707763304,-2.9944593321526,9.608658494645784,-6.379658458965423
610,8.13299575973094,-2.0136341583269,-14.104592029403237,12.243036706045379
611,1.027183050274509,-4.4211979090304,14.150578711206412,-9.118981645697774
612,2.508100535265385,1.8573464427805557,2.0866897940938514,-1.696827053366572
613,-1.059899534807581,17.569019072335802,5.306638863878547,-23.97027148819966
614,-23.745336078173427,3.113797848785119,-26.327672111775545,17.23764260804937
615,10.481011845781977,-3.82464905359174,16.90252419175243,-21.983682305828395
616,3.06656751073106,3.3888885268349664,13.328731287632712,-3.2894327161640615
617,-1.346190666256764,2.522718000671937,1.5645489825367096,-3.3502668725281386
618,-0.7761791599083475,2.078250338028818,4.502629161965938,-2.4131144100703756
619,2.6068507055924894,3.1490137814215653,-0.6950469406654038,7.2845698573180115
620,16.259964440443706,-8.27521851062653,21.636863047568507,-23.821362807276028
621,-3.3025700641271127,-1.3930894056359864,0.728006138717602,1.4925773897902825
622,-0.7989098610431292,0.52281486920711,12.732030806048192,-3.3496128032324175
623,-5.961562311766622,10.38947817271943,6.740429317898522,-20.031092484430932
624,0.7947026293188661,1.0181786693669526,5.734517427572268,-26.801273566507096
625,-7.198761747948121,4.412044614390797,17.900011592174653,-10.740726717966767
626,-17.88442346697409,-6.6678066712537225,-23.02483087456971,45.63438241054997
627,15.324995109666808,-9.965188157743523,23.32068623276954,-16.115277820331944
628,2.651726963918795,10.943887527805886,6.759710862183718,-26.68890357735731
629,9.562960407372634,-4.003722424736289,20.099940240017293,-21.395191714748925
630,2.9655020291004437,6.8897631374902835,20.180746202195376,-15.706763263225694
631,9.850482809070172,0.6766118807374686,23.78345056181966,-14.06179514447806
632,-5.025357881896349,-3.625743472107309,16.82348467429049,-7.890660087873512
633,-0.7584381384319677,-3.0999338149756057,-0.49943545490759833,1.0943808179760244
634,18.42378951722423,-9.988206123505517,20.67017985421429,-18.529817186081942
635,1.9186824747247075,-0.46488167404580727,-28.500818316891507,27.802380008663732
636,-10.249478759285271,-16.744481435277784,6.470803327693599,-30.403007280746696
637,4.659655331518831,-6.572921693854336,28.504196519564864,-15.205688688674515
638,4.298994100539041,0.7928680100568197,-9.41506966187357,19.415350210644114
639,3.858498726330552,2.030335315508594,11.365898811624836,-3.5269047384043213
640,-2.9813259433069748,1.3058391706017576,-16.651015477084343,22.684520848413243
641,4.53021131862443,3.992025168558535,14.646220831402788,-12.939918030620836
642,-4.632620491687134,-9.801578278535278,-24.440772327038005,30.45656125415168
643,12.431596990165339,9.730115361237635,-34.50321348453612,11.237448144860803
644,-10.111405967480422,-7.62354735938448,-16.52316495683731,19.628911692335784
645,2.9899790379633124,6.0451879866378295,25.56000022852285,-9.435032791821266
646,5.225509460518554,4.618666346152029,9.692462901073549,-10.090324782860609
647,8.689984687268819,-6.774958961156084,19.914955648642167,-10.6349205002902
648,-6.799626698757976,-2.196543787491762,18.700856530565137,-11.926176200379228
649,4.72360494232608,1.289099485652403,12.738492211475064,-8.210191623901057
650,11.080629731867917,1.5960887665948664,7.636347804924654,-1.861283084043269
651,-0.20598479771689582,8.659645364634908,17.94989438786758,-9.896893943153147
652,5.327522705313018,7.721472048953092,-21.247267031671395,14.27284131116075
653,-6.212321504709139,-9.57859165900552,13.32955829392691,-31.68814985426047
654,-2.5351724987152497,-4.715308444014621,16.300835249789962,-10.289125621170639
655,-16.176285530821982,3.922519564355727,-21.762228728774737,14.135038209740893
656,-2.379206622857282,-6.8814787995531015,21.739107858952924,-4.49137731405113
657,-15.458966177437015,1.1171956446308047,-18.348519174836312,22.477379262640266
658,-12.668740355360855,0.1441245587338652,17.556321590390162,-25.814716633149754
659,-28.68515176362587,-6.046136767644888,-36.53287789938478,27.971161537772318
660,2.1882374567029963,-23.16616568359826,-14.18173315106807,20.28014269950307
661,1.001804895139992,-2.9966403946611107,17.541845331641817,-3.3938189009848876
662,4.0840827355623,1.2148955717273695,-3.5959856801419248,4.711938325388392
663,17.51388581729071,-12.296746542300166,-18.716969624220404,24.5280431598052
664,5.346833825465213,3.052000193165029,-19.825520017922386,21.397525000970077
665,-26.358251751658468,-10.702658988430127,-35.43693231175955,16.568134271162823
666,-1.1036509463735267,2.5571462579295914,2.5969644949254875,-3.5400984093041363
667,14.905138916489525,-16.207140856071995,12.948550143957524,-31.048682897878077
668,1.2759468984289057,-3.3376176099511317,-25.728148381135945,32.48697816780614
669,13.718120617611795,1.7956077911407202,14.191992715789914,-13.30590520383076
670,12.517488231552427,-5.521451479942107,25.55229108319371,-10.975415168667016
671,-5.806407049526424,5.351573204521173,-11.051159692511346,26.144160537622263
672,-1.5139272108397281,-1.7510044956177284,21.045272425871662,-4.1324409905584645
673,7.971717976863235,4.797321170877707,24.405495482856725,-14.015979793649686
674,-3.271290170891057,-15.515267519360464,11.599757682863837,-30.44869093673017
675,-16.37958950490041,-9.728179602386977,25.644180218373002,-11.339485715414778
676,-5.375079629358093,-0.862715306010458,19.458936002496756,-8.408820067023633
677,8.48379321134022,-4.701744775304625,10.532755552880317,-26.991556724543702
678,1.382202104263094,11.946910022953094,18.056793727370483,-2.903557211095231
679,-2.8934675354240915,-2.0548176113413343,11.050982681882992,-6.981135191989813
680,4.192118295206256,-13.825939741012338,3.5357380162004346,-33.49412191906997
681,-13.251826456835587,-7.703116726887575,-31.10999628655296,33.24428133792926
682,-2.369482572204136,2.2239591902884435,12.035702535740569,-6.707728070676687
683,7.419985267379894,-9.618720313210552,26.248500510037076,-18.148114103938237
684,14.37702081950961,-15.9529632369711,-16.60704665477661,37.97421258693343
685,2.4614890879605635,1.8213122590634907,0.792679464619114,-0.5440977496696244
686,9.115013717357048,-16.244582762947932,-25.21285227030325,36.010853100412064
687,14.089657048854232,-11.460295271719751,-18.252875296427412,29.32361007028831
688,4.114360678376239,2.2506861577193846,10.198132401712977,-10.302855301852397
689,-2.309344293114033,-4.537853665182097,14.256876545659024,-27.501295195143758
690,16.041377269822632,7.759815054750125,-14.85194084141458,23.430571733677688
691,-0.6591580874560793,-2.17548113012163,9.0189184824696,-9.896268489883049
692,-6.644666558231079,-14.621164316493555,12.126811175398506,-26.91092882422653
693,-1.412096382420044,5.588063154006895,21.21409210170406,-14.19984589291636
694,-0.7707644590679817,1.1963588609209823,4.2369713114561485,-2.3502357201347386
695,19.237556901689754,-2.404078394960713,-25.078903299071467,16.294585058125453
696,-2.5243719286549244,-0.5956349176687057,4.888799183549098,-8.320201631752383
697,-18.32721323220804,4.549270082523897,-29.55996097070596,30.806943390237443
698,-18.59238600519761,1.313428403369667,-18.92931304466357,22.817387474561524
699,-0.4359142963841748,-5.519380339144785,-14.428479686340687,9.4971721548682
700,-12.72730260655039,1.9994569455744953,9.566616493921428,-20.21359572659914
701,-1.6866197817345592,-3.021400356285887,-19.416432297687127,17.171445883742084
702,-1.6759848358854499,2.81811479574356,-2.6295374678740737,4.334560567589279
703,-10.276948878408895,0.6805504675568805,-16.66816204736374,19.618742831439725
704,7.361859857962087,-11.374356538322777,-18.763620933876012,29.12109309016733
705,-9.26773962702205,-14.433170254936147,-21.982942734279945,32.55614052325285
706,-0.3749405136504298,2.5563294201991833,4.828960954488705,-3.244249343128877
707,-10.291131294221033,-5.161384276321649,-11.82677989014681,22.026935812517245
708,-4.989351133851174,9.431164632777616,-31.006514832479045,24.786403520888673
709,-11.481297535141676,7.5557656768681625,24.531445096502168,-10.438849225024278
710,11.430986900150772,-5.328328225015296,11.471382055032306,-22.74001284176467
711,9.03243907891654,-2.7422515464090975,24.247659847754882,-14.672648510495867
712,-7.19576247574343,-4.1738752510329045,9.079640490287307,-14.743582890965483
713,3.184775738800347,-20.520422784756505,-26.161995069609247,32.40965879018301
714,-1.057284618515681,2.0582850957870713,2.3781790987564464,-3.4608021157639883
715,-1.5174720272451085,-8.215816390334572,20.225163922262016,-13.313789740067163
716,-17.331313429508537,-3.6955084737890402,-21.910111728753826,22.668925768348835
717,9.048853923028748,9.54571663877419,8.143578945216595,-31.183915624718576
718,4.142309160158837,-4.0953781999298124,21.13178323383529,-15.996915383462143
719,-19.01002898453706,-7.386767715186522,-30.15060331863632,27.576658159943896
720,-5.802264119984775,-13.844149839876438,12.832699795575136,-25.77282811114348
721,13.316398610344498,-3.411097699076458,9.402465086737699,-24.019573487126188
722,2.585196662634596,2.178433663014436,0.055879463828466314,-1.192541738770243
723,-4.971014893551743,4.908255967401624,-15.145554936735419,19.751903663841905
724,-0.918967871722615,-3.2287830768862587,0.08700468571837483,-3.4912530306208507
725,-14.348158811639104,-10.999402428529503,8.786540711885753,-31.408202606674433
726,7.499365911709502,2.0044582647507037,-9.199292618106899,13.953083195779076
727,10.539204527715299,11.323295177009976,-12.212353054829231,30.814420783576836
728,15.097316990467009,-1.8690235162492825,30.107474380014168,-8.606038784845834
729,10.945701788398589,-6.428818764596539,-24.739608137017633,18.003972359652654
730,4.767262018366291,-0.9616831489096365,-9.013974455159726,10.536353165668059
731,-1.2254360843902696,-0.5858000214610983,14.69195620860769,-8.723612064755294
732,-8.662081539265554,-8.386933555122981,-21.900355169310046,38.328375158719425
733,-25.117721895382935,16.16255980119166,-34.204432980109,27.858041822550003
734,24.898583735804493,-5.702526154997475,-27.477703378554523,28.954481431573583
735,13.28909263603929,14.510422184916274,-35.92179228209027,15.352296724324585
736,-14.700734304478798,10.507108282488662,-20.221828961921354,31.15814660457664
737,1.3610031189365812,3.281479647829979,16.33473517423494,-7.911780544198049
738,9.871116621094119,-4.677549681915001,-32.71914658721506,26.541108582077158
739,3.074691946653712,4.40782119624885,-7.1060076077784124,9.262751722075222
740,-8.448721777625966,-15.815746347789819,15.130370269324944,-25.858219127313387
741,0.027131183715524032,-21.12311388111897,-33.03587170335706,29.10420721059482
742,18.198878761723115,4.995353035664362,-25.603828193761917,34.07824139152459
743,10.653296578628858,-14.477421047676726,-25.759585358304914,17.52201055595379
744,-0.1255382105557391,2.076001739786929,-12.33505267528803,25.82630311786413
745,-3.5195419639162697,-4.028736650331323,15.167177008866547,-5.770464365898917
746,15.281794793552068,3.5840920959302234,-23.013202798187265,21.11975574793714
747,-12.308523170852606,4.987911281742111,22.891015135641098,-9.247089251086134
748,-3.676609376840287,-16.732947793608595,-31.124938281613176,26.136695949687837
749,-3.1203989214742824,-1.7607910150065655,1.4653529720125058,-1.21925193002973
750,11.484729706099014,6.8867100977771045,16.084890965035406,-15.296623682803
751,-4.199658537517174,12.119190914491739,-35.50109314374809,11.953710314272255
752,-1.8584205443325303,8.620548014651023,13.528437720673809,-8.59975281208079
753,-18.99032366486807,11.147623700615153,-21.11968531540411,24.637046581175603
754,-20.656272612091676,-15.768083859004799,-46.60522633822409,14.297524713160893
755,-25.22477993802518,3.7896529189691393,-21.66066235511694,42.80900422478842
756,2.6068507055924894,2.5961544117851796,-0.8201730575984612,8.364805947010822
757,-3.4248480240946586,0.5005119115218282,22.403981972556277,-13.431881632708821
758,-21.46292080575153,2.4734804817720892,-17.358774563353485,24.482385909114992
759,-1.7967362503901994,2.432599143129777,-24.29811664233807,13.252066953420954
760,-1.091263962025622,-2.477827747961473,1.306370482860142,-3.879680365875737
761,10.869502836942548,1.5540532717449036,11.99710129626769,-7.3625691659936585
762,-16.337922532213717,-8.285476878205216,28.82576822776651,-13.137602953886992
763,0.09750065159904997,-1.0065155863089916,15.745443032565253,-5.3687891090750455
764,-5.409200139087455,2.335848015794371,-22.193359181083725,15.872829478786045
765,-5.309861103713002,12.626347235753506,-16.638499971301748,33.41742919449111
766,-0.2189081886519363,-1.839942124934798,17.948676417038698,-10.276750171662039
767,-0.7156772451393668,-3.5579114176124214,14.12109383143365,-6.9803072855139305
768,3.163097261681757,3.3210334155601884,-5.844994828944544,10.584103063556578
769,6.592908789365721,8.382943759279966,-37.849340613842415,14.828122408632042
770,14.54028438284548,-9.62477561001166,28.050287803903657,-15.216835693276588
771,2.6718463783446986,4.8548309139538715,-7.56088766146631,6.940771631001688
772,7.032646670831187,-8.628599897726554,20.725093673564825,-25.90224604978859
773,-8.168004761482555,14.707158967961204,-16.819377412678424,20.201263189495194
774,3.651065218078025,3.5212381656275737,-6.881902689779201,9.786818274489693
775,-6.948313970093407,-2.0426646618847952,14.69639516975385,-24.75946190117656
776,17.8650810798835,-22.820234191504134,3.267456411878807,52.96481464625707
777,2.508100535265385,2.0019679805925774,7.774142632676963,-4.44411076052983
778,-23.02404577225274,9.997970174043445,-45.50909854206225,11.041413960738275
779,3.321449164770744,-3.242746574162714,-5.6848406719013695,13.221247243807856
780,7.586107308865418,10.015927348584992,-33.984970331509416,23.046731173171768
781,6.190255774512665,3.0247510097302137,17.04761285456956,-6.4469585666303395
782,-0.6739309455029882,-26.17995601244483,-28.167572045449234,14.645466762816092
783,-4.5323629017034985,19.820457450795605,-24.885212303516578,18.648272097055376
784,-0.8540535596712894,2.9291703523418344,4.125161648827932,-2.6795183849451853
785,-7.426079418721362,-12.75464125068856,24.090099439932366,-16.92188279889748
786,4.861370919322794,1.2971232968116442,20.619527975030806,-17.492848341705134
787,9.45587178993031,-7.015660890396618,7.229974375763355,-32.43629751922667
788,16.527982636967415,-9.964920407085843,-23.640157694552595,19.80566934808629
789,-0.6800083559097859,-1.7217022105675965,10.34746095439399,-5.8975430667455715
790,-3.3049647525027113,-1.867492966497882,8.833420417054105,-7.725247082053793
791,-0.24374847655276033,1.5178040098083458,11.593053640159516,-8.98177688019302
792,-11.57321107439125,-3.057983718615185,-14.846310409065286,16.96187586052276
793,-32.84681912099767,-6.319415009518333,-14.890309080358927,42.30554254116387
794,-0.8486354124764747,3.4296891322657883,12.519507089858424,-23.454351011343135
795,5.940030261708747,20.943908318098526,-34.65450614393921,25.035065625172688
796,-10.628003207053107,18.055338439567006,-22.490693582131502,24.976385645698183
797,5.968776568034331,7.358479770986707,-27.263963775532957,14.742230023430789
798,-11.020456035178986,3.7838618380870326,-15.703747447474521,41.71240664760983
799,13.095891055555532,0.9758993866761927,32.39215851691729,-7.417402005140389
800,10.00506994292666,-1.1399166613978586,20.330104940756005,-10.556437417818552
801,-5.246216505187156,-4.25601212964596,10.815901959342149,-8.139233791928676
802,-13.879743181326736,-9.138920699115154,-23.316928847396987,38.60603289658285
803,10.679489009653693,0.4993392764128977,6.008816941922328,-4.058955889554518
804,3.6955766729117414,1.778030733056205,-3.542601216604493,12.23842582168801
805,-12.780635723171889,-8.216049498256897,27.50063759831138,-7.645951974904866
806,-2.4134641125171665,-1.680411611182262,6.779473811978612,-7.1665955547827735
807,3.2664906490723133,2.9432691458152953,-3.1477920355147857,11.114932931960864
808,-3.302362808792758,-4.424366437873418,-19.029364289680675,32.172650970573386
809,6.652255155704774,1.1931953833541253,-31.750961079158543,24.9359539847786
810,-0.4349551210771875,-6.020836871550257,-13.876755287384308,39.28729696383168
811,15.38317784318595,-6.22794102719355,19.939766359859217,-24.343106297893684
812,12.177359909183169,6.205991415997132,20.89673275759771,-18.945803087998172
813,1.015842504125044,-7.86994822597914,7.179833195433501,-32.25576815789508
814,-10.464277159960329,3.5726635797754787,-21.221737396881483,22.84109742668107
815,10.75854380719141,2.0775563477818917,14.465754954767101,-12.051930461928542
816,18.72422087358207,4.528801699756355,-20.490808531992872,25.312875249143943
817,-2.923173912705642,0.3650162852916326,11.894021287260538,-6.663482292952917
818,3.821520858928683,3.2355724031870765,10.366468928353735,-5.006163734756072
819,-0.10318119953593585,-3.142127105103746,-7.660674551231425,6.999170508267611
820,-12.186901110855509,-2.2010830422946115,15.293238917047782,-29.76099434647526
821,0.5507381610334827,-0.31283084170528025,11.799333649978296,-11.2572889776675
822,8.629813206728015,5.44776233244254,7.526610233015274,-3.8665176692068433
823,-9.258951352062205,-15.548356646615556,28.256817123040214,-9.748676422795437
824,15.014586066597383,2.3815908680261906,22.622506910541397,-17.946032140420765
825,0.7128358060477629,-0.3860688177322865,-16.757784636797922,12.705654000150282
826,9.854058404569006,-10.410714218711291,-8.230627413311774,34.333326206891336
827,6.420467679385708,1.889290382855003,-21.77919012687825,13.33429261678243
828,-9.86617838856993,7.466854811411978,-17.014106859551788,24.759042427918093
829,10.768445796307214,-9.636336814471177,-18.411108247550164,22.658398167414
830,-1.790480863994333,-8.22822552232878,23.258481708921998,-8.452700277506954
831,17.630866153245346,-3.1680593374308628,21.96238264403327,-12.764190669393036
832,17.31973408194089,-6.031978400114298,15.841258503503438,-18.47654005655395
833,2.167203925924407,10.2391037426653,14.894409056470979,-11.77748419695889
834,1.8223281310386086,-4.416104609889689,13.753550547828892,-17.578637012641348
835,-17.545512902123324,-6.561048862581407,-31.331994655070346,28.960671489362113
836,-17.14967929409688,-2.076678238221854,-17.64065562798577,20.512776531429157
837,6.084844274785239,3.1139518086828293,-10.013545981212085,10.168597268732935
838,-0.7240796266549699,-3.8485009546557833,19.32376838056859,-7.412019243443087
839,-15.077728030888524,4.207017581813474,-24.228506975697336,15.729724083467021
840,-3.0553574228817535,-1.5202033485864475,3.0169473849014916,-1.4874794236504418
841,-14.475126459953467,11.253775517979841,10.275708862794788,-20.91518085634476
842,-16.686606241562384,8.678810819860521,-17.414780853700204,19.913032290383473
843,-3.937252411258803,6.417571729933257,10.239734961892168,-14.2315499637249
844,2.2167571254444214,-5.543178837534914,11.354256464663356,-23.681912061469266
845,-0.9866560672155346,6.000229428733465,3.5545241464076365,-4.142406950919268
846,4.021854180011829,4.302465648944168,1.685554275818761,-1.661237310377968
847,9.575765824740705,2.288025227213573,12.179119454444452,-12.02173883182913
848,7.209107553161587,4.8350110595725395,17.598632369012787,-6.913616005853411
849,2.0684125161270632,5.059079650878139,18.50100455570132,-15.554593123948932
850,2.2375664894811016,3.47391075035524,6.2957522369286245,-8.206280589364306
851,9.83427746017258,-14.574993539730434,-28.91301374546199,33.339922321084046
852,14.020486846413455,13.552599860511906,-28.01942374227767,18.607532768485193
853,-0.9832078321963155,-3.790347073456528,0.6043956766049203,-6.308802784159818
854,-15.96617287044737,-2.5672402686843943,-43.13402731823678,11.83271048494358
855,9.56568824642023,4.023343188956588,15.988313849592304,-13.773479164486693
856,14.096875213604427,0.6604538014799344,16.12490521741251,-14.497275920012045
857,-20.11999345431431,8.778268694923172,-13.599681419298843,28.879572143194668
858,-10.831305801742756,1.2915735057483908,-23.423551415058128,15.290778209220782
859,8.545994034087226,-8.256207464046854,-24.842583199439357,17.50603977017349
860,6.216050589435862,-4.14535593362321,6.469379350800608,-33.48539863084562
861,11.499371255580938,-0.7167581562778182,18.289799196546966,-17.34103394377891
862,-14.336821218336258,1.133706547317717,-32.075522582039724,25.243692564563407
863,-3.8852683873855467,-13.875154821418155,-18.934887415474616,16.535412335258847
864,-0.16984898310726892,9.790243518474522,-11.872913615325798,37.119780721419524
865,12.61447326093324,20.201239695945453,-31.044215471751762,25.521776836556683
866,-2.390895434277543,-1.2141101781409391,8.847245536453938,-3.141281263129621
867,-11.643293843714728,21.69800698014059,-47.95385323298708,9.47519017982099
868,15.658406706302518,4.455352517468837,-28.153827510383845,31.321050773803
869,-0.8930575562126096,3.234268071872147,8.163618402608618,-8.138463733185084
870,16.928444641463326,-18.48231056493416,10.01366059344171,-34.67573022119273
871,-21.99045335263366,9.735042063363995,-21.275899212430513,21.243279620372892
872,-19.18335761239571,2.6436668850176117,-12.704008119508813,26.34104000663146
873,-12.405278649377554,1.128150992310327,8.66433632648246,-20.506340435367303
874,0.04807260363525573,3.6404620676509882,15.873743524443634,-15.13497621962612
875,-23.29635682639949,-16.732384426563765,-30.380632012085822,33.126767195108904
876,0.18524140704945216,-3.871430759486608,14.490128834187589,-9.074072711639
877,-9.006482605605076,-0.9464373017183612,22.29435961143801,-7.25204812922869
878,9.181490572643067,3.755362582819383,19.293667973637184,-10.013554937123308
879,2.8475736303870685,1.6660433912651365,13.989380646666836,-7.6371381674993675
880,0.44005021076112716,-4.0631735062800525,16.83482999351858,-15.691980532784006
881,5.733732639653,-12.650935659774673,2.1430737816963217,-35.878202191232866
882,7.775379117293326,3.779161918692756,11.680471825929526,-13.444509499089198
883,15.738114346202972,-6.675299338976498,-10.219845587567127,30.3377840246937
884,-14.810249794654945,-2.0498843719089317,-24.63455755054697,20.662029726073985
885,-1.3114931411615944,0.4710927110181075,1.2806459847041594,-1.600786586126898
886,-4.906425521312887,-2.4021184803702575,14.987122699705909,-14.683132426963107
887,-14.065335933949111,13.290535946295982,6.679479057124908,-27.837970387774266
888,-0.5754396368414175,2.5571462579295914,3.0545529060526078,-2.3178222161113076
889,2.2173322066853287,2.435371741979763,2.3674905534757023,-1.602759992477274
890,2.775905903340763,2.435371741979763,2.409590725691531,-2.454489380344737
891,-0.040740183722104084,-2.9438885149074916,-0.4084487927984357,10.794207328978006
892,-3.501953425009486,-4.066407755165971,15.65957506266089,-8.466866224633032
893,14.895807806356958,1.2169043926475938,20.605003322153404,-15.316426090953973
894,-3.2952650060026283,-4.514267276917453,10.940823072021177,-20.560023258667997
895,-4.67280565570245,1.5663475875337436,-9.180057527300127,15.74510660780335
896,-6.864671298746446,-5.11308923096637,17.409902107278022,-3.7920800211419823
897,-7.907912279978883,-0.5258769152185607,22.38673752169789,-16.610244717944575
898,-2.555858549378327,-14.773204442503772,-22.22846259270707,12.281773804685985
899,10.803312579691362,0.5162214096195894,6.922521676656306,-1.6783623235774088
900,-2.55194340797105,-2.5172028721573914,16.355516004259982,-6.104765678018532
901,1.7216797346087294,-2.4938341288553945,12.411631904300188,-6.673082586326549
902,8.657057375194857,-19.29306640056816,-15.350262692224755,30.083540805569456
903,-0.3512937656263716,-1.1779452793668908,8.694604089546827,-6.419021111519637
904,-2.335538912591548,-11.77820903789342,14.611309038551207,-27.01392163291575
905,8.236017279396581,-1.2879927355417413,-22.392737710087726,19.3333448330761
906,-2.544325037952331,-1.4070197884444802,4.483562453700989,-9.062999199380506
907,-5.173365266741786,1.9621497567411297,15.303110360000078,-28.245640999468876
908,18.014106551223275,13.289906534821775,-21.049283732773606,20.33941468551095
909,-30.280479976825827,1.2497295800557529,-27.24594855950303,33.84030129209533
910,0.05626082086250672,7.3797484340622805,13.02111940505218,-14.695480494192301
911,-1.0860974408187238,2.4442609185875837,8.000375774822608,-5.950386167975548
912,-0.74005201066289,-3.172515396683996,3.747745700963456,-2.770068730337766
913,1.589296014260087,-1.6293076733317124,-14.696272245222714,15.502340181663564
914,-1.5523095137303917,11.339446048068854,23.549146591996127,-10.516905743549728
915,-18.408966873695935,-1.3706848852197617,-21.989144812663138,14.71125887032635
916,-11.34992250038322,4.138233217166028,-12.313841054941564,12.65517076803694
917,-0.5850350827472132,9.034046510143426,18.019201700607443,-6.908624522424317
918,-12.96712176984398,-1.7961484288820477,-18.689507541749084,16.594270187607655
919,12.938269084646773,-13.617899906625896,27.51112083634156,-13.168554542980745
920,5.046637523372315,13.505917557647454,-16.15454824117219,32.38735967412407
921,-0.8720215143015163,2.316080088120549,9.156754168748117,-3.6796744914887864
922,5.6397098991882695,-11.56245050009558,-11.750624622044715,27.4433060610136
923,9.879437625150587,3.053684172724698,-14.432782893431478,22.09327882327107
924,-0.9967019027688114,2.22371832923316,5.1008584388576,-5.591323501870535
925,-0.14370433834552732,0.14340602623696264,5.319121265377898,-27.559989090596666
926,-0.7551414482624251,1.5534802648719268,2.3805855111197762,-1.5578580209425454
927,-22.580729765489032,0.052691219669136424,-18.94017380531278,38.74592690572713
928,-26.88544174906924,20.593574709092294,-27.538361850055363,36.612428935468515
929,14.433206262900285,17.88250374246404,-36.81055735795014,15.24260824667385
930,10.095207327382827,14.185749249212105,-25.40449714226603,34.02771303482025
931,-4.6822743401872895,-1.1922194567549302,18.545972218136086,-22.15385006128071
932,10.267248117644037,13.63696124929436,-41.59987140915068,20.40176326257339
933,-1.1914474307287168,0.8585640627776638,0.9006596662516002,0.39245274404223895
934,9.095462725432998,9.468027955231342,-19.643887163848497,21.299439457494415
935,10.383799249546646,6.38754021460207,13.449972004058738,-15.074330275137884
936,-1.0637521945847452,1.9241848862699638,4.7327256632580905,-4.80870907059912
937,-16.09281044100015,-2.1120984092929933,-30.653726549892067,22.242937141947092
938,-1.091263962025622,-2.246635889967785,1.7340678846685198,-4.617642070601603
939,10.242950265410254,0.9462226005747345,25.943215981613932,-11.38902357416457
940,5.920505698392268,0.8981369211668628,-13.223081295025873,13.005434495655193
941,-1.1562778794267117,10.725045004352648,8.362577714478725,-22.35749271320204
942,3.4532951985196596,1.3172203565680047,10.219742586695906,-5.854205372487121
943,13.635998826820389,-8.557784727777989,22.608593330595756,-15.831116964674093
944,6.468498754256817,-2.036075657007943,-38.65485089446417,23.275503041663583
945,18.984138019355168,-4.675025443527165,23.28680660433142,-12.301336448288037
946,3.804399486981063,-9.924071190823103,10.806728919824439,-31.826470683213604
947,9.84469782297602,10.701753472959888,-33.410751946744405,20.38392489094234
948,8.748156842316119,0.8061771230269166,-19.417970318019965,27.120312060510415
949,4.459705441079872,0.18640029165134192,10.55469306245971,-11.297262585190389
950,-4.250271160653371,3.8429195543656824,-14.276818167380508,17.38132150570988
951,4.2600314195202955,4.72397108710421,-6.563818719824608,11.491296619888853
952,0.2717110498078322,-6.766172422615075,12.542961526638967,-18.4486630363407
953,6.627887487564791,0.5895814010014315,-7.047526134089951,14.096790215043887
954,-4.257910792314344,5.255012902428679,-21.54155601168745,16.34490399706818
955,-0.3099807119592517,-0.24563619743864334,-0.16871223117601275,3.330530951049757
956,4.712919198033866,-3.496960492248769,-21.3161584951535,22.79039748059004
957,-1.2302861729202892,0.5399413478879282,8.024715784737323,-10.102783160468942
958,19.335416443611155,2.4460631138726776,-13.0961822772831,36.91462690854362
959,-1.4855666637025378,3.0543343739803026,11.544452694600244,-5.672399986154799
960,7.122870084335614,-2.6088977150693045,-15.824861259644084,34.43051982325867
961,3.3312824205140625,3.5128742019001913,-11.05463870828935,16.621320325990837
962,12.295629159718885,-2.258562304767118,-31.607294304664137,11.953641848651735
963,-17.790501565964195,-25.939574495562866,-37.06542592585731,21.25595155845639
964,9.144216580660322,-0.11557287175794043,10.772426863859495,-15.626033334442821
965,-1.8875470190881791,2.9234463974590525,8.66588399443871,-2.73774838527116
966,-6.251263667472485,-2.3235456926190343,-18.49190400667781,16.69235962335202
967,9.736496599300994,2.421362037957267,24.995948644684066,-7.198701857962327
968,-28.921653208890213,19.625898046501163,-37.235788397440736,23.82682018557983
969,0.7166389510988669,-7.582441645100173,-12.232552299007178,22.373816989393916
970,11.103250935313337,5.226648570712627,20.705999450576478,-13.740922788577036
971,16.308916139044495,-4.8568324967873036,28.07401229305481,-13.831752246809833
972,19.23810403151333,-2.721577885294644,25.875598735061132,-9.167861337738286
973,-0.5151960675029984,-2.2852833522124323,7.966532288708899,-9.556196480363234
974,16.363777829789825,7.133814884322736,-22.97849921393259,29.21543505019751
975,-1.6557479810859035,5.182472948444843,11.163026126374351,-21.04377558977524
976,14.230037990223362,15.587842912517083,-17.085270252990544,26.45290193733419
977,-18.84847274073138,-1.6656076006891956,-26.52643743052969,34.283612203577476
978,2.2009754949832803,2.776691281532261,-0.4047941511767821,-0.45994640292885514
979,-0.9159187356080755,-2.977078579901937,2.6826224359272914,-4.302216623044837
980,-4.404574317394342,2.012829328092273,15.067585189790199,-13.107660551416997
981,9.676749324965048,12.33381759476983,-20.126966427270045,18.077266892348817
982,-3.468333172193483,0.348733797897356,-33.556952357573245,28.53079196246947
983,9.957766372054714,0.5110051661880444,-15.884068242119607,13.275046318954992
984,-13.698497598061426,11.389848074822659,13.458183266619601,-25.596718347520174
985,0.24209222630980576,7.070389642280719,-14.80477793673963,18.53004711484282
986,11.764491744859734,3.196102374148321,25.19069024473227,-16.711467352383032
987,14.5507300609248,-5.161342167211435,-14.422812269568755,27.23832826754552
988,-7.992592959072739,-4.2266085142398415,14.284507793083714,-11.257189012298621
989,5.102120860560535,-4.902788867133454,13.279591543818254,-22.393638756838566
990,-6.821808312077034,1.2469829464037279,-13.266386098565082,23.173262339213707
991,-27.838376940499547,-4.003144343700671,-29.383358067734772,27.344843969870215
992,16.640568527230368,7.842872562323596,-35.5652206504507,20.1683596421158
993,-19.481418655895798,0.427963479980114,-26.144612975727018,10.409618066985038
994,-6.209367878340465,-16.240752400717728,-22.630399510421768,29.63765475706993
995,-13.509397706382195,-7.548591961488143,-19.125084446589362,18.782719074848803
996,-6.683634015679966,-2.614296046358795,11.589566600755507,-15.23898003329998
997,-23.395313430717472,-0.44336683914020153,-22.458188682929208,17.287896693227786
998,-1.1211109042897873,2.665279264518153,19.40635295446211,-8.220604085369061
999,5.114999438755468,19.001066154259068,-24.64548041236615,20.65740804453446
1000,-0.14057849454471982,-0.7067460475113055,6.254376084584562,-5.408317935212633
